{
  "custom": {},
  "params": {},
  "propConfig": {
    "params.feature": {
      "paramDirection": "input"
    },
    "params.key": {
      "paramDirection": "input"
    },
    "params.tier1": {
      "paramDirection": "input"
    },
    "params.tier2": {
      "paramDirection": "input"
    }
  },
  "props": {
    "defaultSize": {
      "height": 1693,
      "width": 2411
    }
  },
  "root": {
    "children": [
      {
        "meta": {
          "name": "Title"
        },
        "position": {
          "basis": "56px",
          "shrink": 0
        },
        "props": {
          "params": {
            "icon": "show_chart",
            "text": "Charts"
          },
          "path": "Page/Embedded/Title"
        },
        "type": "ia.display.view"
      },
      {
        "children": [
          {
            "meta": {
              "name": "PowerChart"
            },
            "position": {
              "basis": "800px"
            },
            "props": {
              "interaction": {
                "chartZoomLevel": 1,
                "rangeZoomLevel": 1
              },
              "pens": [
                {
                  "axis": "",
                  "data": {
                    "aggregateMode": "default",
                    "source": ""
                  },
                  "display": {
                    "breakLine": true,
                    "interpolation": "curveLinear",
                    "radius": 3,
                    "styles": {
                      "highlighted": {
                        "fill": {
                          "color": "#63BEA2",
                          "opacity": 1
                        },
                        "stroke": {
                          "color": "#63BEA2",
                          "dashArray": 0,
                          "opacity": 1,
                          "width": 1
                        }
                      },
                      "muted": {
                        "fill": {
                          "color": "#63BEA2",
                          "opacity": 0.4
                        },
                        "stroke": {
                          "color": "#63BEA2",
                          "dashArray": 0,
                          "opacity": 0.4,
                          "width": 1
                        }
                      },
                      "normal": {
                        "fill": {
                          "color": "#63BEA2",
                          "opacity": 0.8
                        },
                        "stroke": {
                          "color": "#63BEA2",
                          "dashArray": 0,
                          "opacity": 0.8,
                          "width": 1
                        }
                      },
                      "selected": {
                        "fill": {
                          "color": "#63BEA2",
                          "opacity": 1
                        },
                        "stroke": {
                          "color": "#63BEA2",
                          "dashArray": 0,
                          "opacity": 1,
                          "width": 1
                        }
                      }
                    },
                    "type": "line"
                  },
                  "enabled": true,
                  "name": "",
                  "plot": 0,
                  "selectable": true,
                  "visible": true
                },
                {
                  "axis": "",
                  "data": {
                    "aggregateMode": "default",
                    "source": ""
                  },
                  "display": {
                    "breakLine": true,
                    "interpolation": "curveLinear",
                    "radius": 3,
                    "styles": {
                      "highlighted": {
                        "fill": {
                          "color": "#63BEA2",
                          "opacity": 1
                        },
                        "stroke": {
                          "color": "#63BEA2",
                          "dashArray": 0,
                          "opacity": 1,
                          "width": 1
                        }
                      },
                      "muted": {
                        "fill": {
                          "color": "#63BEA2",
                          "opacity": 0.4
                        },
                        "stroke": {
                          "color": "#63BEA2",
                          "dashArray": 0,
                          "opacity": 0.4,
                          "width": 1
                        }
                      },
                      "normal": {
                        "fill": {
                          "color": "#63BEA2",
                          "opacity": 0.8
                        },
                        "stroke": {
                          "color": "#63BEA2",
                          "dashArray": 0,
                          "opacity": 0.8,
                          "width": 1
                        }
                      },
                      "selected": {
                        "fill": {
                          "color": "#63BEA2",
                          "opacity": 1
                        },
                        "stroke": {
                          "color": "#63BEA2",
                          "dashArray": 0,
                          "opacity": 1,
                          "width": 1
                        }
                      }
                    },
                    "type": "line"
                  },
                  "enabled": true,
                  "name": "",
                  "plot": 0,
                  "selectable": true,
                  "visible": true
                }
              ]
            },
            "type": "ia.chart.powerchart"
          },
          {
            "meta": {
              "name": "PowerChart_0"
            },
            "position": {
              "basis": "800px"
            },
            "props": {
              "interaction": {
                "chartZoomLevel": 1,
                "rangeZoomLevel": 1
              }
            },
            "type": "ia.chart.powerchart"
          },
          {
            "meta": {
              "name": "PowerChart_1"
            },
            "position": {
              "basis": "800px"
            },
            "props": {
              "interaction": {
                "chartZoomLevel": 1,
                "rangeZoomLevel": 1
              }
            },
            "type": "ia.chart.powerchart"
          }
        ],
        "meta": {
          "name": "FlexContainer_0"
        },
        "position": {
          "basis": "772px"
        },
        "type": "ia.container.flex"
      },
      {
        "children": [
          {
            "meta": {
              "name": "PowerChart"
            },
            "position": {
              "basis": "800px"
            },
            "props": {
              "interaction": {
                "chartZoomLevel": 1,
                "rangeZoomLevel": 1
              }
            },
            "type": "ia.chart.powerchart"
          },
          {
            "meta": {
              "name": "PowerChart_0"
            },
            "position": {
              "basis": "800px"
            },
            "props": {
              "interaction": {
                "chartZoomLevel": 1,
                "rangeZoomLevel": 1
              }
            },
            "type": "ia.chart.powerchart"
          },
          {
            "meta": {
              "name": "PowerChart_1"
            },
            "position": {
              "basis": "800px"
            },
            "props": {
              "interaction": {
                "chartZoomLevel": 1,
                "rangeZoomLevel": 1
              }
            },
            "type": "ia.chart.powerchart"
          }
        ],
        "meta": {
          "name": "FlexContainer"
        },
        "position": {
          "basis": "712px"
        },
        "type": "ia.container.flex"
      }
    ],
    "meta": {
      "name": "root"
    },
    "props": {
      "direction": "column",
      "style": {
        "classes": "Page/Page"
      }
    },
    "type": "ia.container.flex"
  }
}