{
  "custom": {},
  "params": {},
  "props": {
    "defaultSize": {
      "height": 719,
      "width": 788
    }
  },
  "root": {
    "children": [
      {
        "children": [
          {
            "meta": {
              "name": "lbl_ph"
            },
            "position": {
              "basis": "99px"
            },
            "props": {
              "alignVertical": "top",
              "style": {
                "backgroundColor": "#1A2F45",
                "classes": "Menu/Item",
                "color": "#FFFFFF",
                "fontSize": "18px",
                "fontStyle": "italic",
                "fontWeight": "bold",
                "margin": "20px",
                "padding": "12px",
                "paddingLeft": "12px",
                "paddingRight": "12px",
                "textAlign": "center",
                "whiteSpace": "normal"
              },
              "text": "PH"
            },
            "type": "ia.display.label"
          },
          {
            "meta": {
              "name": "lbl_temp"
            },
            "position": {
              "basis": "152px"
            },
            "props": {
              "alignVertical": "top",
              "style": {
                "backgroundColor": "#1A2F45",
                "classes": "Menu/Item",
                "color": "#FFFFFF",
                "fontSize": "18px",
                "fontStyle": "italic",
                "fontWeight": "bold",
                "margin": "20px",
                "padding": "12px",
                "paddingLeft": "12px",
                "paddingRight": "12px",
                "textAlign": "center",
                "whiteSpace": "normal"
              },
              "text": "TEMPERATURA"
            },
            "type": "ia.display.label"
          },
          {
            "meta": {
              "name": "lbl_nivel"
            },
            "position": {
              "basis": "163px"
            },
            "props": {
              "alignVertical": "top",
              "style": {
                "backgroundColor": "#1A2F45",
                "classes": "Menu/Item",
                "color": "#FFFFFF",
                "cursor": "auto",
                "fontSize": "18px",
                "fontStyle": "italic",
                "fontWeight": "bold",
                "margin": "20px",
                "opacity": "1,00",
                "overflow": "visible",
                "overflowWrap": "normal",
                "overflowX": "hidden",
                "padding": "12px",
                "paddingLeft": "12px",
                "paddingRight": "12px",
                "textAlign": "center",
                "textOverflow": "clip",
                "whiteSpace": "normal"
              },
              "text": "NIVEL DEL TANQUE"
            },
            "type": "ia.display.label"
          },
          {
            "meta": {
              "name": "lbl_ox"
            },
            "position": {
              "basis": "18.4%"
            },
            "props": {
              "alignVertical": "top",
              "style": {
                "backgroundColor": "#1A2F45",
                "classes": "Menu/Item",
                "color": "#FFFFFF",
                "fontSize": "18px",
                "fontStyle": "italic",
                "fontWeight": "bold",
                "margin": "20px",
                "padding": "12px",
                "paddingLeft": "12px",
                "paddingRight": "12px",
                "textAlign": "center",
                "whiteSpace": "normal"
              },
              "text": "Oxígeno disuelto"
            },
            "type": "ia.display.label"
          }
        ],
        "meta": {
          "name": "FlexContainer"
        },
        "position": {
          "height": 126,
          "width": 707,
          "x": -1,
          "y": 5
        },
        "props": {
          "style": {
            "backgroundColor": "#E8E8E8"
          },
          "wrap": "wrap"
        },
        "type": "ia.container.flex"
      }
    ],
    "meta": {
      "name": "root"
    },
    "props": {
      "style": {
        "backgroundColor": "#E8E8E8"
      }
    },
    "type": "ia.container.coord"
  }
}