{
  "custom": {},
  "params": {},
  "props": {
    "defaultSize": {
      "height": 719,
      "width": 1362
    }
  },
  "root": {
    "children": [
      {
        "children": [
          {
            "children": [
              {
                "meta": {
                  "name": "lbl_sim_temp"
                },
                "position": {
                  "basis": "11px",
                  "shrink": 0
                },
                "propConfig": {
                  "props.text": {
                    "binding": {
                      "config": {
                        "expression": "toString({[default]sim/tds}) + \" ppm\"\r\n"
                      },
                      "type": "expr"
                    }
                  }
                },
                "props": {
                  "alignVertical": "bottom",
                  "style": {
                    "backgroundColor": "#1A2F45",
                    "borderWidth": "1px",
                    "color": "#FFFFFF",
                    "fontSize": "18px",
                    "fontStyle": "italic",
                    "fontWeight": "bold",
                    "margin": "20px",
                    "padding": "12px",
                    "paddingLeft": "12px",
                    "paddingRight": "12px",
                    "textAlign": "center",
                    "whiteSpace": "normal"
                  }
                },
                "type": "ia.display.label"
              },
              {
                "meta": {
                  "name": "lbl_TDS"
                },
                "position": {
                  "basis": "0px"
                },
                "props": {
                  "alignVertical": "top",
                  "style": {
                    "backgroundColor": "#1A2F45",
                    "color": "#FFFFFF",
                    "fontSize": "18px",
                    "fontStyle": "italic",
                    "fontWeight": "bold",
                    "margin": "20px",
                    "padding": "12px",
                    "paddingLeft": "12px",
                    "paddingRight": "12px",
                    "textAlign": "center",
                    "whiteSpace": "normal"
                  },
                  "text": "TDS"
                },
                "type": "ia.display.label"
              }
            ],
            "meta": {
              "name": "flex_tds"
            },
            "position": {
              "basis": "14.8%"
            },
            "props": {
              "alignContent": "center",
              "alignItems": "center",
              "direction": "column-reverse",
              "justify": "center",
              "style": {
                "backgroundColor": "#1A2F45",
                "classes": "Menu/Item"
              },
              "wrap": "wrap"
            },
            "type": "ia.container.flex"
          },
          {
            "children": [
              {
                "meta": {
                  "name": "lbl_sim_temp"
                },
                "position": {
                  "basis": "11px",
                  "shrink": 0
                },
                "propConfig": {
                  "props.text": {
                    "binding": {
                      "config": {
                        "expression": "toString({[default]sim/temperatura}) + \" °C\""
                      },
                      "type": "expr"
                    }
                  }
                },
                "props": {
                  "alignVertical": "bottom",
                  "style": {
                    "backgroundColor": "#1A2F45",
                    "borderWidth": "1px",
                    "color": "#FFFFFF",
                    "fontSize": "18px",
                    "fontStyle": "italic",
                    "fontWeight": "bold",
                    "margin": "20px",
                    "padding": "12px",
                    "paddingLeft": "12px",
                    "paddingRight": "12px",
                    "textAlign": "center",
                    "whiteSpace": "normal"
                  }
                },
                "type": "ia.display.label"
              },
              {
                "meta": {
                  "name": "lbl_temp"
                },
                "position": {
                  "basis": "8px"
                },
                "props": {
                  "alignVertical": "top",
                  "style": {
                    "backgroundColor": "#1A2F45",
                    "color": "#FFFFFF",
                    "fontSize": "18px",
                    "fontStyle": "italic",
                    "fontWeight": "bold",
                    "margin": "20px",
                    "padding": "12px",
                    "paddingLeft": "12px",
                    "paddingRight": "12px",
                    "textAlign": "center",
                    "whiteSpace": "normal"
                  },
                  "text": "TEMPERATURA"
                },
                "type": "ia.display.label"
              }
            ],
            "meta": {
              "name": "flex_temp"
            },
            "position": {
              "basis": "14.8%"
            },
            "props": {
              "alignContent": "space-between",
              "alignItems": "center",
              "direction": "column-reverse",
              "justify": "center",
              "style": {
                "backgroundColor": "#1A2F45",
                "classes": "Menu/Item"
              },
              "wrap": "wrap"
            },
            "type": "ia.container.flex"
          },
          {
            "children": [
              {
                "meta": {
                  "name": "lbl_sim_temp"
                },
                "position": {
                  "basis": "11px",
                  "shrink": 0
                },
                "propConfig": {
                  "props.text": {
                    "binding": {
                      "config": {
                        "expression": "toString({[default]sim/ph})\r\n"
                      },
                      "type": "expr"
                    }
                  }
                },
                "props": {
                  "alignVertical": "bottom",
                  "style": {
                    "backgroundColor": "#1A2F45",
                    "borderWidth": "1px",
                    "color": "#FFFFFF",
                    "fontSize": "18px",
                    "fontStyle": "italic",
                    "fontWeight": "bold",
                    "margin": "20px",
                    "padding": "12px",
                    "paddingLeft": "12px",
                    "paddingRight": "12px",
                    "textAlign": "center",
                    "whiteSpace": "normal"
                  }
                },
                "type": "ia.display.label"
              },
              {
                "meta": {
                  "name": "lbl_ph"
                },
                "position": {
                  "basis": "0px"
                },
                "props": {
                  "alignVertical": "top",
                  "style": {
                    "backgroundColor": "#1A2F45",
                    "color": "#FFFFFF",
                    "fontSize": "18px",
                    "fontStyle": "italic",
                    "fontWeight": "bold",
                    "margin": "20px",
                    "padding": "12px",
                    "paddingLeft": "12px",
                    "paddingRight": "12px",
                    "textAlign": "center",
                    "whiteSpace": "normal"
                  },
                  "text": "PH"
                },
                "type": "ia.display.label"
              }
            ],
            "meta": {
              "name": "flex_ph"
            },
            "position": {
              "basis": "10.8%"
            },
            "props": {
              "alignContent": "center",
              "alignItems": "center",
              "direction": "column-reverse",
              "justify": "center",
              "style": {
                "backgroundColor": "#1A2F45",
                "classes": "Menu/Item"
              },
              "wrap": "wrap"
            },
            "type": "ia.container.flex"
          },
          {
            "children": [
              {
                "meta": {
                  "name": "lbl_sim_temp"
                },
                "position": {
                  "basis": "11px",
                  "shrink": 0
                },
                "propConfig": {
                  "props.text": {
                    "binding": {
                      "config": {
                        "expression": "toString({[default]sim/nivel_agua}) + \" %\"\r\n"
                      },
                      "type": "expr"
                    }
                  }
                },
                "props": {
                  "alignVertical": "bottom",
                  "style": {
                    "backgroundColor": "#1A2F45",
                    "borderWidth": "1px",
                    "color": "#FFFFFF",
                    "fontSize": "18px",
                    "fontStyle": "italic",
                    "fontWeight": "bold",
                    "margin": "20px",
                    "padding": "12px",
                    "paddingLeft": "12px",
                    "paddingRight": "12px",
                    "textAlign": "center",
                    "whiteSpace": "normal"
                  }
                },
                "type": "ia.display.label"
              },
              {
                "meta": {
                  "name": "lbl_agua"
                },
                "position": {
                  "basis": "0px"
                },
                "props": {
                  "alignVertical": "top",
                  "style": {
                    "backgroundColor": "#1A2F45",
                    "color": "#FFFFFF",
                    "fontSize": "18px",
                    "fontStyle": "italic",
                    "fontWeight": "bold",
                    "margin": "20px",
                    "padding": "12px",
                    "paddingLeft": "12px",
                    "paddingRight": "12px",
                    "textAlign": "center",
                    "whiteSpace": "normal"
                  },
                  "text": "NIVEL DEL AGUA"
                },
                "type": "ia.display.label"
              }
            ],
            "meta": {
              "name": "flex_agua"
            },
            "position": {
              "basis": "14.8%"
            },
            "props": {
              "alignContent": "space-between",
              "alignItems": "center",
              "direction": "column-reverse",
              "justify": "center",
              "style": {
                "backgroundColor": "#1A2F45",
                "classes": "Menu/Item"
              },
              "wrap": "wrap"
            },
            "type": "ia.container.flex"
          },
          {
            "children": [
              {
                "meta": {
                  "name": "lbl_sim_temp"
                },
                "position": {
                  "basis": "-2px",
                  "shrink": 0
                },
                "propConfig": {
                  "props.text": {
                    "binding": {
                      "config": {
                        "expression": "toString({[default]sim/oxigeno}) + \" mg/L\"\r\n"
                      },
                      "type": "expr"
                    }
                  }
                },
                "props": {
                  "alignVertical": "bottom",
                  "style": {
                    "backgroundColor": "#1A2F45",
                    "borderWidth": "1px",
                    "color": "#FFFFFF",
                    "fontSize": "18px",
                    "fontStyle": "italic",
                    "fontWeight": "bold",
                    "margin": "20px",
                    "padding": "12px",
                    "paddingLeft": "12px",
                    "paddingRight": "12px",
                    "textAlign": "center",
                    "whiteSpace": "normal"
                  }
                },
                "type": "ia.display.label"
              },
              {
                "meta": {
                  "name": "lbl_OX"
                },
                "position": {
                  "basis": "0px"
                },
                "props": {
                  "alignVertical": "top",
                  "style": {
                    "backgroundColor": "#1A2F45",
                    "color": "#FFFFFF",
                    "fontSize": "18px",
                    "fontStyle": "italic",
                    "fontWeight": "bold",
                    "margin": "20px",
                    "padding": "12px",
                    "paddingLeft": "12px",
                    "paddingRight": "12px",
                    "textAlign": "center",
                    "whiteSpace": "normal"
                  },
                  "text": "OXIGENO DISUELTO"
                },
                "type": "ia.display.label"
              }
            ],
            "meta": {
              "name": "flex_ox"
            },
            "position": {
              "basis": "14.8%"
            },
            "props": {
              "alignContent": "center",
              "direction": "column-reverse",
              "justify": "center",
              "style": {
                "backgroundColor": "#1A2F45",
                "classes": "Menu/Item"
              },
              "wrap": "wrap"
            },
            "type": "ia.container.flex"
          },
          {
            "children": [
              {
                "meta": {
                  "name": "lbl_sim_temp"
                },
                "position": {
                  "basis": "11px",
                  "shrink": 0
                },
                "propConfig": {
                  "props.text": {
                    "binding": {
                      "config": {
                        "expression": "toString({[default]sim/nh3}) + \" mg/L\""
                      },
                      "type": "expr"
                    }
                  }
                },
                "props": {
                  "alignVertical": "bottom",
                  "style": {
                    "backgroundColor": "#1A2F45",
                    "borderWidth": "1px",
                    "color": "#FFFFFF",
                    "fontSize": "18px",
                    "fontStyle": "italic",
                    "fontWeight": "bold",
                    "margin": "20px",
                    "padding": "12px",
                    "paddingLeft": "12px",
                    "paddingRight": "12px",
                    "textAlign": "center",
                    "whiteSpace": "normal"
                  }
                },
                "type": "ia.display.label"
              },
              {
                "meta": {
                  "name": "lbl_nh3"
                },
                "position": {
                  "basis": "0px"
                },
                "props": {
                  "alignVertical": "top",
                  "style": {
                    "backgroundColor": "#1A2F45",
                    "color": "#FFFFFF",
                    "fontSize": "18px",
                    "fontStyle": "italic",
                    "fontWeight": "bold",
                    "margin": "20px",
                    "padding": "12px",
                    "paddingLeft": "12px",
                    "paddingRight": "12px",
                    "textAlign": "center",
                    "whiteSpace": "normal"
                  },
                  "text": "NH3"
                },
                "type": "ia.display.label"
              }
            ],
            "meta": {
              "name": "flex_nh3"
            },
            "position": {
              "basis": "14.8%"
            },
            "props": {
              "alignContent": "center",
              "alignItems": "center",
              "direction": "column-reverse",
              "justify": "center",
              "style": {
                "backgroundColor": "#1A2F45",
                "classes": "Menu/Item"
              },
              "wrap": "wrap"
            },
            "type": "ia.container.flex"
          }
        ],
        "meta": {
          "name": "FlexContainer"
        },
        "position": {
          "height": 188,
          "width": 1361,
          "x": 1
        },
        "props": {
          "alignContent": "space-around",
          "alignItems": "baseline",
          "justify": "space-evenly",
          "style": {
            "backgroundColor": "#E8E8E8"
          },
          "wrap": "wrap"
        },
        "type": "ia.container.flex"
      }
    ],
    "meta": {
      "name": "root"
    },
    "props": {
      "style": {
        "backgroundColor": "#E8E8E8"
      }
    },
    "type": "ia.container.coord"
  }
}