{
  "custom": {},
  "params": {},
  "props": {
    "defaultSize": {
      "width": 919
    }
  },
  "root": {
    "children": [
      {
        "meta": {
          "name": "CylindricalTank"
        },
        "position": {
          "height": 307,
          "width": 328,
          "x": 117,
          "y": 107
        },
        "type": "ia.display.cylindrical-tank"
      },
      {
        "meta": {
          "name": "Air powered pump"
        },
        "position": {
          "height": 82,
          "width": 112,
          "x": 427,
          "y": 25
        },
        "props": {
          "elements": [
            {
              "name": "symbol",
              "type": "symbol"
            },
            {
              "elements": [
                {
                  "d": "M7.996,68.13h62.611v4.055H7.996V68.13z",
                  "name": "path",
                  "stroke": {
                    "paint": "#4C4C4C",
                    "width": "0.25"
                  },
                  "type": "path"
                }
              ],
              "id": "Group_Base",
              "name": "Group_Base",
              "type": "group"
            },
            {
              "elements": [
                {
                  "elements": [
                    {
                      "name": "stop",
                      "offset": "0.01",
                      "stopColor": "#4D4D4D",
                      "style": {
                        "stopColor": "#4D4D4D"
                      },
                      "type": "stop"
                    },
                    {
                      "name": "stop",
                      "offset": "0.51",
                      "stopColor": "#F5F5F5",
                      "style": {
                        "stopColor": "#F5F5F5"
                      },
                      "type": "stop"
                    },
                    {
                      "name": "stop",
                      "offset": "1",
                      "stopColor": "#4D4D4D",
                      "style": {
                        "stopColor": "#4D4D4D"
                      },
                      "type": "stop"
                    }
                  ],
                  "gradientTransform": "matrix(1 0 0 -1 0 82.9941)",
                  "gradientUnits": "userSpaceOnUse",
                  "id": "SVGID_1_",
                  "name": "SVGID_1_",
                  "type": "linearGradient",
                  "x1": "11.6001",
                  "x2": "43.5811",
                  "y1": "33.1641",
                  "y2": "33.1641"
                },
                {
                  "d": "M11.6,69.368h31.981V30.292H11.6V69.368z",
                  "fill": {
                    "url": "url(#SVGID_1_)"
                  },
                  "name": "path",
                  "stroke": {
                    "paint": "#4C4C4C",
                    "width": "0.25"
                  },
                  "type": "path"
                },
                {
                  "d": "M43.581,32.657h4.054v37.725h-4.054V32.657z",
                  "fill": {
                    "paint": "#666666"
                  },
                  "name": "path",
                  "stroke": {
                    "paint": "#4C4C4C",
                    "width": "0.25"
                  },
                  "type": "path"
                },
                {
                  "d": "M9.348,32.657H11.6v37.725H9.348V32.657z",
                  "fill": {
                    "paint": "#666666"
                  },
                  "name": "path",
                  "stroke": {
                    "paint": "#4C4C4C",
                    "width": "0.25"
                  },
                  "type": "path"
                }
              ],
              "id": "Group_Air_Compressor_Chamber",
              "name": "Group_Air_Compressor_Chamber",
              "type": "group"
            },
            {
              "elements": [
                {
                  "elements": [
                    {
                      "name": "stop",
                      "offset": "0.01",
                      "stopColor": "#4D4D4D",
                      "style": {
                        "stopColor": "#4D4D4D"
                      },
                      "type": "stop"
                    },
                    {
                      "name": "stop",
                      "offset": "0.51",
                      "stopColor": "#F5F5F5",
                      "style": {
                        "stopColor": "#F5F5F5"
                      },
                      "type": "stop"
                    },
                    {
                      "name": "stop",
                      "offset": "1",
                      "stopColor": "#4D4D4D",
                      "style": {
                        "stopColor": "#4D4D4D"
                      },
                      "type": "stop"
                    }
                  ],
                  "gradientTransform": "matrix(1 0 0 -1 0 82.9941)",
                  "gradientUnits": "userSpaceOnUse",
                  "id": "SVGID_2_",
                  "name": "SVGID_2_",
                  "type": "linearGradient",
                  "x1": "94.9316",
                  "x2": "94.9316",
                  "y1": "15.8779",
                  "y2": "48.0854"
                },
                {
                  "d": "M79.729,34.909h21.059v6.87l9.348,1.24v15.99l-9.348,1.238v6.869H79.729V34.909z",
                  "fill": {
                    "url": "url(#SVGID_2_)"
                  },
                  "name": "path",
                  "type": "path"
                },
                {
                  "d": "M100.787,34.909h-3.266v32.207h3.266V34.909",
                  "fill": {
                    "paint": "transparent"
                  },
                  "name": "path",
                  "stroke": {
                    "paint": "#4C4C4C",
                    "width": "0.25"
                  },
                  "type": "path"
                }
              ],
              "id": "Group_Impeller_Shaft",
              "name": "Group_Impeller_Shaft",
              "type": "group"
            },
            {
              "elements": [
                {
                  "elements": [
                    {
                      "name": "stop",
                      "offset": "0.01",
                      "stopColor": "#4D4D4D",
                      "style": {
                        "stopColor": "#4D4D4D"
                      },
                      "type": "stop"
                    },
                    {
                      "name": "stop",
                      "offset": "0.51",
                      "stopColor": "#F5F5F5",
                      "style": {
                        "stopColor": "#F5F5F5"
                      },
                      "type": "stop"
                    },
                    {
                      "name": "stop",
                      "offset": "1",
                      "stopColor": "#4D4D4D",
                      "style": {
                        "stopColor": "#4D4D4D"
                      },
                      "type": "stop"
                    }
                  ],
                  "gradientTransform": "matrix(1 0 0 -1 0 82.9941)",
                  "gradientUnits": "userSpaceOnUse",
                  "id": "SVGID_3_",
                  "name": "SVGID_3_",
                  "type": "linearGradient",
                  "x1": "58.2207",
                  "x2": "58.2207",
                  "y1": "13.626",
                  "y2": "36.7109"
                },
                {
                  "d": "M47.635,46.283h21.172v23.085H47.635V46.283z",
                  "fill": {
                    "url": "url(#SVGID_3_)"
                  },
                  "name": "path",
                  "stroke": {
                    "paint": "#4C4C4C",
                    "width": "0.25"
                  },
                  "type": "path"
                }
              ],
              "id": "Group_MakeUp_Tank",
              "name": "Group_MakeUp_Tank",
              "type": "group"
            },
            {
              "elements": [
                {
                  "d": "M68.807,25.225h4.617v49.211h-4.617V25.225",
                  "fill": {
                    "paint": "#999999"
                  },
                  "name": "path",
                  "stroke": {
                    "paint": "#4C4C4C",
                    "width": "0.25"
                  },
                  "type": "path"
                },
                {
                  "cx": "71.059",
                  "cy": "3.378",
                  "fill": {
                    "paint": "#4C4C4C"
                  },
                  "name": "circle",
                  "r": "3.491",
                  "stroke": {
                    "paint": "#4C4C4C",
                    "width": "0.25"
                  },
                  "type": "circle"
                }
              ],
              "id": "Group_Metal",
              "name": "Group_Metal",
              "type": "group"
            },
            {
              "elements": [
                {
                  "elements": [
                    {
                      "name": "stop",
                      "offset": "0.01",
                      "stopColor": "#4D4D4D",
                      "style": {
                        "stopColor": "#4D4D4D"
                      },
                      "type": "stop"
                    },
                    {
                      "name": "stop",
                      "offset": "0.51",
                      "stopColor": "#F5F5F5",
                      "style": {
                        "stopColor": "#F5F5F5"
                      },
                      "type": "stop"
                    },
                    {
                      "name": "stop",
                      "offset": "1",
                      "stopColor": "#4D4D4D",
                      "style": {
                        "stopColor": "#4D4D4D"
                      },
                      "type": "stop"
                    }
                  ],
                  "gradientTransform": "matrix(1 0 0 -1 0 82.9941)",
                  "gradientUnits": "userSpaceOnUse",
                  "id": "SVGID_4_",
                  "name": "SVGID_4_",
                  "type": "linearGradient",
                  "x1": "68.8066",
                  "x2": "73.4238",
                  "y1": "52.5313",
                  "y2": "52.5313"
                },
                {
                  "d": "M73.424,56.644V1.239h-4.617v55.404l0.112,0.676l0.112,0.563   l0.225,0.563l0.227,0.449l0.338,0.338l0.449,0.226l0.451,0.228h0.45h0.45l0.451-0.228l0.338-0.226l0.338-0.338l0.338-0.449   l0.225-0.563l0.113-0.563V56.644L73.424,56.644z",
                  "fill": {
                    "url": "url(#SVGID_4_)"
                  },
                  "name": "path",
                  "stroke": {
                    "paint": "#4C4C4C",
                    "width": "0.25"
                  },
                  "type": "path"
                },
                {
                  "d": "M69.82,25.225h2.363",
                  "fill": {
                    "paint": "transparent"
                  },
                  "name": "path",
                  "stroke": {
                    "paint": "#4C4C4C",
                    "width": "0.25"
                  },
                  "type": "path"
                }
              ],
              "id": "Group_Psiton_Shaft",
              "name": "Group_Psiton_Shaft",
              "type": "group"
            },
            {
              "elements": [
                {
                  "d": "M71.171,55.405l0.788,0.563l0.227,0.676l-0.451,1.015l-0.563,0.338   l-0.9-0.451l-0.449-0.899l0.449-0.9L71.171,55.405z",
                  "fill": {
                    "paint": "#E5E5E5"
                  },
                  "name": "path",
                  "stroke": {
                    "paint": "#4C4C4C",
                    "width": "0.25"
                  },
                  "type": "path"
                },
                {
                  "d": "M71.171,2.252l0.788,0.451l0.227,0.789l-0.677,0.9l-0.338,0.113   L70.27,4.167L69.82,3.491l0.563-1.014L71.171,2.252z",
                  "fill": {
                    "paint": "#E5E5E5"
                  },
                  "name": "path",
                  "stroke": {
                    "paint": "#4C4C4C",
                    "width": "0.25"
                  },
                  "type": "path"
                }
              ],
              "id": "Group_Bolts",
              "name": "Group_Bolts",
              "type": "group"
            },
            {
              "elements": [
                {
                  "elements": [
                    {
                      "name": "stop",
                      "offset": "0.01",
                      "stopColor": "#4D4D4D",
                      "style": {
                        "stopColor": "#4D4D4D"
                      },
                      "type": "stop"
                    },
                    {
                      "name": "stop",
                      "offset": "0.51",
                      "stopColor": "#F5F5F5",
                      "style": {
                        "stopColor": "#F5F5F5"
                      },
                      "type": "stop"
                    },
                    {
                      "name": "stop",
                      "offset": "1",
                      "stopColor": "#4D4D4D",
                      "style": {
                        "stopColor": "#4D4D4D"
                      },
                      "type": "stop"
                    }
                  ],
                  "gradientTransform": "matrix(1 0 0 -1 0 82.9941)",
                  "gradientUnits": "userSpaceOnUse",
                  "id": "SVGID_5_",
                  "name": "SVGID_5_",
                  "type": "linearGradient",
                  "x1": "77.7031",
                  "x2": "77.7031",
                  "y1": "10.8096",
                  "y2": "53.9419"
                },
                {
                  "d": "M75.676,72.185l4.055-1.014V30.292l-4.055-1.239V72.185z",
                  "fill": {
                    "url": "url(#SVGID_5_)"
                  },
                  "name": "path",
                  "type": "path"
                },
                {
                  "elements": [
                    {
                      "name": "stop",
                      "offset": "0.01",
                      "stopColor": "#4D4D4D",
                      "style": {
                        "stopColor": "#4D4D4D"
                      },
                      "type": "stop"
                    },
                    {
                      "name": "stop",
                      "offset": "0.51",
                      "stopColor": "#F5F5F5",
                      "style": {
                        "stopColor": "#F5F5F5"
                      },
                      "type": "stop"
                    },
                    {
                      "name": "stop",
                      "offset": "1",
                      "stopColor": "#4D4D4D",
                      "style": {
                        "stopColor": "#4D4D4D"
                      },
                      "type": "stop"
                    }
                  ],
                  "gradientTransform": "matrix(1 0 0 -1 0 82.9941)",
                  "gradientUnits": "userSpaceOnUse",
                  "id": "SVGID_6_",
                  "name": "SVGID_6_",
                  "type": "linearGradient",
                  "x1": "76.2393",
                  "x2": "76.2393",
                  "y1": "8.5576",
                  "y2": "56.1938"
                },
                {
                  "d": "M73.424,26.801h2.252v20.046h3.379v6.305h-3.379v21.285   h-2.252V26.801",
                  "fill": {
                    "url": "url(#SVGID_6_)"
                  },
                  "name": "path",
                  "stroke": {
                    "paint": "#4C4C4C",
                    "width": "0.25"
                  },
                  "type": "path"
                }
              ],
              "id": "Group_Pump_Casing",
              "name": "Group_Pump_Casing",
              "type": "group"
            },
            {
              "elements": [
                {
                  "elements": [
                    {
                      "name": "stop",
                      "offset": "0.01",
                      "stopColor": "#4D4D4D",
                      "style": {
                        "stopColor": "#4D4D4D"
                      },
                      "type": "stop"
                    },
                    {
                      "name": "stop",
                      "offset": "0.51",
                      "stopColor": "#F5F5F5",
                      "style": {
                        "stopColor": "#F5F5F5"
                      },
                      "type": "stop"
                    },
                    {
                      "name": "stop",
                      "offset": "1",
                      "stopColor": "#4D4D4D",
                      "style": {
                        "stopColor": "#4D4D4D"
                      },
                      "type": "stop"
                    }
                  ],
                  "gradientTransform": "matrix(1 0 0 -1 0 82.9941)",
                  "gradientUnits": "userSpaceOnUse",
                  "id": "SVGID_7_",
                  "name": "SVGID_7_",
                  "type": "linearGradient",
                  "x1": "111.3164",
                  "x2": "111.3164",
                  "y1": "26.3506",
                  "y2": "37.7236"
                },
                {
                  "d": "M110.135,45.271h2.364v11.373h-2.364V45.271z",
                  "fill": {
                    "url": "url(#SVGID_7_)"
                  },
                  "name": "path",
                  "type": "path"
                }
              ],
              "id": "Group_Upstream_Flange",
              "name": "Group_Upstream_Flange",
              "type": "group"
            },
            {
              "elements": [
                {
                  "elements": [
                    {
                      "name": "stop",
                      "offset": "0.01",
                      "stopColor": "#4D4D4D",
                      "style": {
                        "stopColor": "#4D4D4D"
                      },
                      "type": "stop"
                    },
                    {
                      "name": "stop",
                      "offset": "0.51",
                      "stopColor": "#F5F5F5",
                      "style": {
                        "stopColor": "#F5F5F5"
                      },
                      "type": "stop"
                    },
                    {
                      "name": "stop",
                      "offset": "1",
                      "stopColor": "#4D4D4D",
                      "style": {
                        "stopColor": "#4D4D4D"
                      },
                      "type": "stop"
                    }
                  ],
                  "gradientTransform": "matrix(1 0 0 -1 0 82.9941)",
                  "gradientUnits": "userSpaceOnUse",
                  "id": "SVGID_8_",
                  "name": "SVGID_8_",
                  "type": "linearGradient",
                  "x1": "1.2388",
                  "x2": "9.3481",
                  "y1": "19.4258",
                  "y2": "19.4258"
                },
                {
                  "d": "M1.239,76.237h0.338h0.338h0.338h4.729l1.014-0.676   l0.563-1.014L9.01,73.31l0.225-1.125v-1.127l0.113-0.676V50.899H6.982v19.258v1.125l-0.225,1.127l-0.45,1.126l-0.113,0.226   l-0.45,0.112H1.239V76.237z",
                  "fill": {
                    "url": "url(#SVGID_8_)"
                  },
                  "name": "path",
                  "stroke": {
                    "paint": "#4C4C4C",
                    "width": "0.25"
                  },
                  "type": "path"
                },
                {
                  "elements": [
                    {
                      "name": "stop",
                      "offset": "0.01",
                      "stopColor": "#4D4D4D",
                      "style": {
                        "stopColor": "#4D4D4D"
                      },
                      "type": "stop"
                    },
                    {
                      "name": "stop",
                      "offset": "0.51",
                      "stopColor": "#F5F5F5",
                      "style": {
                        "stopColor": "#F5F5F5"
                      },
                      "type": "stop"
                    },
                    {
                      "name": "stop",
                      "offset": "1",
                      "stopColor": "#4D4D4D",
                      "style": {
                        "stopColor": "#4D4D4D"
                      },
                      "type": "stop"
                    }
                  ],
                  "gradientTransform": "matrix(1 0 0 -1 0 82.9941)",
                  "gradientUnits": "userSpaceOnUse",
                  "id": "SVGID_9_",
                  "name": "SVGID_9_",
                  "type": "linearGradient",
                  "x1": "9.765625e-004",
                  "x2": "100.7871",
                  "y1": "3.3784",
                  "y2": "3.3784"
                },
                {
                  "d": "M0.001,76.237h100.786v6.757H0.001V76.237z",
                  "fill": {
                    "url": "url(#SVGID_9_)"
                  },
                  "name": "path",
                  "stroke": {
                    "paint": "#4C4C4C",
                    "width": "0.25"
                  },
                  "type": "path"
                },
                {
                  "elements": [
                    {
                      "name": "stop",
                      "offset": "0.01",
                      "stopColor": "#4D4D4D",
                      "style": {
                        "stopColor": "#4D4D4D"
                      },
                      "type": "stop"
                    },
                    {
                      "name": "stop",
                      "offset": "0.17",
                      "stopColor": "#848484",
                      "style": {
                        "stopColor": "#848484"
                      },
                      "type": "stop"
                    },
                    {
                      "name": "stop",
                      "offset": "0.51",
                      "stopColor": "#ABABAB",
                      "style": {
                        "stopColor": "#ABABAB"
                      },
                      "type": "stop"
                    },
                    {
                      "name": "stop",
                      "offset": "1",
                      "stopColor": "#4D4D4D",
                      "style": {
                        "stopColor": "#4D4D4D"
                      },
                      "type": "stop"
                    }
                  ],
                  "gradientTransform": "matrix(1 0 0 -1 0 82.9941)",
                  "gradientUnits": "userSpaceOnUse",
                  "id": "SVGID_10_",
                  "name": "SVGID_10_",
                  "type": "linearGradient",
                  "x1": "81.5313",
                  "x2": "96.1699",
                  "y1": "15.3726",
                  "y2": "15.3726"
                },
                {
                  "d": "M81.531,76.237v-2.364h3.041l1.463-0.226l1.014-0.563   l0.227-0.226l0.111-0.227v-6.869l-0.225-1.014l-0.451-1.014l-0.338-1.125l-0.45-1.014l-0.112-0.339l0.563-0.901l0.901-0.787   l1.014-0.563h0.563h0.563l1.126,0.563l0.788,0.787l0.563,0.901l-0.338,1.126l-0.451,0.901l-0.338,1.125l-0.338,1.239v1.463v5.519   v0.226l0.9,0.563l1.014,0.338l1.127,0.112h2.701v2.363H81.531V76.237z",
                  "fill": {
                    "url": "url(#SVGID_10_)"
                  },
                  "name": "path",
                  "stroke": {
                    "paint": "#4C4C4C",
                    "width": "0.1"
                  },
                  "type": "path"
                }
              ],
              "id": "Group_Pump_Support",
              "name": "Group_Pump_Support",
              "type": "group"
            }
          ],
          "viewBox": "0 0 112.5 82.994"
        },
        "type": "ia.shapes.svg"
      },
      {
        "meta": {
          "name": "CylindricalTank_0"
        },
        "position": {
          "height": 160,
          "width": 322,
          "x": 571,
          "y": 85
        },
        "type": "ia.display.cylindrical-tank"
      },
      {
        "meta": {
          "name": "CylindricalTank_1"
        },
        "position": {
          "height": 160,
          "width": 304,
          "x": 580,
          "y": 273
        },
        "type": "ia.display.cylindrical-tank"
      },
      {
        "meta": {
          "name": "Pump"
        },
        "position": {
          "height": 100,
          "rotate": {
            "key": "value"
          },
          "width": 100,
          "x": 485,
          "y": 432
        },
        "props": {
          "label": {
            "style": {
              "transformStyle": -1
            }
          }
        },
        "type": "ia.symbol.pump"
      }
    ],
    "meta": {
      "name": "root"
    },
    "type": "ia.container.coord"
  }
}